id	card_status	expiry	daily	monthly	balance	bin	bin_lookup	expected_status	expected_code	expected_reason
PW-AUTH-01	INACTIVE	PAST	WITHIN	WITHIN	WITHIN	400000	OK	DECLINED	-	CARD_INACTIVE
PW-AUTH-02	EXPIRED	PAST	WITHIN	WITHIN	WITHIN	400003	UNAVAILABLE	DECLINED	54	-
PW-AUTH-03	ACTIVE	CURRENT_MONTH	ON_LIMIT	ON_LIMIT	OVER	400000	HTTP_5XX	DECLINED	51	-
PW-AUTH-04	BLOCKED	CURRENT_MONTH	WITHIN	WITHIN	WITHIN	400003	OK	DECLINED	-	CARD_BLOCKED
PW-AUTH-05	INACTIVE	FUTURE	WITHIN	WITHIN	WITHIN	400001	UNAVAILABLE	DECLINED	-	CARD_INACTIVE
PW-AUTH-06	EXPIRED	PAST	WITHIN	WITHIN	WITHIN	400000	HTTP_5XX	DECLINED	54	-
PW-AUTH-07	BLOCKED	CURRENT_MONTH	WITHIN	WITHIN	WITHIN	400004	UNAVAILABLE	DECLINED	-	CARD_BLOCKED
PW-AUTH-08	ACTIVE	FUTURE	ON_LIMIT	ON_LIMIT	EQUAL	400001	OK	APPROVED	00	-
PW-AUTH-09	INACTIVE	FUTURE	WITHIN	WITHIN	WITHIN	400002	HTTP_5XX	DECLINED	-	CARD_INACTIVE
PW-AUTH-10	INACTIVE	FUTURE	WITHIN	WITHIN	WITHIN	400003	HTTP_5XX	DECLINED	-	CARD_INACTIVE
PW-AUTH-11	ACTIVE	FUTURE	ON_LIMIT	WITHIN	OVER	400004	UNAVAILABLE	DECLINED	51	-
PW-AUTH-12	INACTIVE	CURRENT_MONTH	WITHIN	WITHIN	WITHIN	400004	OK	DECLINED	-	CARD_INACTIVE
PW-AUTH-13	ACTIVE	FUTURE	ON_LIMIT	OVER	WITHIN	400004	HTTP_5XX	DECLINED	61	-
PW-AUTH-14	ACTIVE	CURRENT_MONTH	WITHIN	ON_LIMIT	EQUAL	400002	UNAVAILABLE	APPROVED	00	-
PW-AUTH-15	BLOCKED	FUTURE	WITHIN	WITHIN	WITHIN	400000	HTTP_5XX	DECLINED	-	CARD_BLOCKED
PW-AUTH-16	ACTIVE	CURRENT_MONTH	OVER	WITHIN	WITHIN	400004	OK	DECLINED	61	-
PW-AUTH-17	ACTIVE	CURRENT_MONTH	OVER	WITHIN	WITHIN	400001	HTTP_5XX	DECLINED	61	-
PW-AUTH-18	ACTIVE	CURRENT_MONTH	WITHIN	OVER	WITHIN	400003	OK	DECLINED	61	-
PW-AUTH-19	ACTIVE	FUTURE	WITHIN	WITHIN	EQUAL	400000	UNAVAILABLE	APPROVED	00	-
PW-AUTH-20	ACTIVE	FUTURE	OVER	WITHIN	WITHIN	400003	UNAVAILABLE	DECLINED	61	-
PW-AUTH-21	BLOCKED	PAST	WITHIN	WITHIN	WITHIN	400002	OK	DECLINED	-	CARD_BLOCKED
PW-AUTH-22	ACTIVE	CURRENT_MONTH	WITHIN	OVER	WITHIN	400001	UNAVAILABLE	DECLINED	61	-
PW-AUTH-23	ACTIVE	FUTURE	ON_LIMIT	ON_LIMIT	EQUAL	400004	HTTP_5XX	APPROVED	00	-
PW-AUTH-24	ACTIVE	CURRENT_MONTH	WITHIN	ON_LIMIT	OVER	400003	OK	DECLINED	51	-
PW-AUTH-25	ACTIVE	CURRENT_MONTH	OVER	WITHIN	WITHIN	400002	OK	DECLINED	61	-
PW-AUTH-26	EXPIRED	PAST	WITHIN	WITHIN	WITHIN	400001	OK	DECLINED	54	-
PW-AUTH-27	ACTIVE	FUTURE	ON_LIMIT	ON_LIMIT	OVER	400002	OK	DECLINED	51	-
PW-AUTH-28	BLOCKED	FUTURE	WITHIN	WITHIN	WITHIN	400001	UNAVAILABLE	DECLINED	-	CARD_BLOCKED
PW-AUTH-29	EXPIRED	PAST	WITHIN	WITHIN	WITHIN	400004	OK	DECLINED	54	-
PW-AUTH-30	ACTIVE	CURRENT_MONTH	OVER	WITHIN	WITHIN	400000	OK	DECLINED	61	-
PW-AUTH-31	ACTIVE	FUTURE	WITHIN	OVER	WITHIN	400000	HTTP_5XX	DECLINED	61	-
PW-AUTH-32	ACTIVE	CURRENT_MONTH	ON_LIMIT	ON_LIMIT	OVER	400001	UNAVAILABLE	DECLINED	51	-
PW-AUTH-33	ACTIVE	CURRENT_MONTH	WITHIN	OVER	WITHIN	400002	UNAVAILABLE	DECLINED	61	-
PW-AUTH-34	ACTIVE	CURRENT_MONTH	ON_LIMIT	ON_LIMIT	WITHIN	400002	HTTP_5XX	APPROVED	00	-
PW-AUTH-35	ACTIVE	PAST	WITHIN	WITHIN	WITHIN	400003	HTTP_5XX	DECLINED	54	-
PW-AUTH-36	ACTIVE	FUTURE	ON_LIMIT	WITHIN	EQUAL	400003	HTTP_5XX	APPROVED	00	-
PW-AUTH-37	EXPIRED	PAST	WITHIN	WITHIN	WITHIN	400002	UNAVAILABLE	DECLINED	54	-
