id	bin	cardholder_name	currency_code	daily_limit	monthly_limit	initial_balance	expected
PW-CMS-01	400002	NORMAL_LENGTH	978	15000000	3000000000	100000000	200|201; status=ACTIVE; PAN по Луну с заданным BIN; поля = входным
PW-CMS-02	400003	NORMAL_LENGTH	643	1	1000000	1000000000	200|201; status=ACTIVE; PAN по Луну с заданным BIN; поля = входным
PW-CMS-03	400000	MIN_LENGTH	840	500000000	300000000	1000000000	200|201; status=ACTIVE; PAN по Луну с заданным BIN; поля = входным
PW-CMS-04	400003	MAX_LENGTH	840	15000000	300000000	0	200|201; status=ACTIVE; PAN по Луну с заданным BIN; поля = входным
PW-CMS-05	400001	MAX_LENGTH	840	1	1000000	100000000	200|201; status=ACTIVE; PAN по Луну с заданным BIN; поля = входным
PW-CMS-06	400003	MIN_LENGTH	643	500000000	3000000000	100000000	200|201; status=ACTIVE; PAN по Луну с заданным BIN; поля = входным
PW-CMS-07	400001	NORMAL_LENGTH	643	500000000	3000000000	0	200|201; status=ACTIVE; PAN по Луну с заданным BIN; поля = входным
PW-CMS-08	400000	MIN_LENGTH	643	15000000	1000000	0	200|201; status=ACTIVE; PAN по Луну с заданным BIN; поля = входным
PW-CMS-09	400002	MIN_LENGTH	978	1	300000000	1000000000	200|201; status=ACTIVE; PAN по Луну с заданным BIN; поля = входным
PW-CMS-10	400002	MAX_LENGTH	840	1	3000000000	0	200|201; status=ACTIVE; PAN по Луну с заданным BIN; поля = входным
PW-CMS-11	400003	MAX_LENGTH	978	1	1000000	0	200|201; status=ACTIVE; PAN по Луну с заданным BIN; поля = входным
PW-CMS-12	400004	NORMAL_LENGTH	840	15000000	1000000	1000000000	200|201; status=ACTIVE; PAN по Луну с заданным BIN; поля = входным
PW-CMS-13	400004	MAX_LENGTH	643	500000000	300000000	100000000	200|201; status=ACTIVE; PAN по Луну с заданным BIN; поля = входным
PW-CMS-14	400002	MAX_LENGTH	643	1	1000000	1000000000	200|201; status=ACTIVE; PAN по Луну с заданным BIN; поля = входным
PW-CMS-15	400000	NORMAL_LENGTH	978	1	300000000	100000000	200|201; status=ACTIVE; PAN по Луну с заданным BIN; поля = входным
PW-CMS-16	400001	MIN_LENGTH	978	15000000	3000000000	1000000000	200|201; status=ACTIVE; PAN по Луну с заданным BIN; поля = входным
PW-CMS-17	400001	MIN_LENGTH	978	500000000	300000000	0	200|201; status=ACTIVE; PAN по Луну с заданным BIN; поля = входным
PW-CMS-18	400002	MAX_LENGTH	840	500000000	3000000000	0	200|201; status=ACTIVE; PAN по Луну с заданным BIN; поля = входным
PW-CMS-19	400000	MAX_LENGTH	978	1	3000000000	1000000000	200|201; status=ACTIVE; PAN по Луну с заданным BIN; поля = входным
PW-CMS-20	400004	MIN_LENGTH	978	1	3000000000	0	200|201; status=ACTIVE; PAN по Луну с заданным BIN; поля = входным
